00|HSBA_CLBBC-HSIA-USJ_G004|U|OPTICAL|2|ON=USJ_G004,,0.623,NPEALUSJ24,1,9/1/1.623,NN=NPEALUSJ24,1,1/1/2001,NPEALUSJ23,1,2/1/2001,NB=NPEALUSJ23,1,1/2/1.2044,IBSE01.PUJ,1,13/0/2.2044,BM=IBSE01.PUJ,1,5/0/0.0,HGW21.BAT,1,3/1/7.0
00|HSBA_CLBBC-HSIA-USJ_G004|U|OPTICAL|2|ON=USJ_G004,,0.623,NPEALUSJ24,1,9/1/1.623,NN=NPEALUSJ24,1,1/1/2001,NPEALUSJ23,1,2/1/2001,NB=NPEALUSJ23,1,1/2/1.2044,IBSE01.PUJ,1,13/0/2.2044,BM=IBSE01.PUJ,1,6/0/0.0,HGW21.KLG,1,3/1/7.0
00|HSBA_CLBBC-HSIA-PUJ_G003|U|OPTICAL|2|ON=PUJ_G003,1,NTA/1.623,NPEALPUJ22,1,9/1/1.623,NN=NPEALPUJ22,1,LAG-191,NPEALPUJ21,1,LAG-191,NB=NPEALPUJ21,1,1/2/1.2219,IBSE01.PUJ,1,14/0/1.2219,BM=IBSE01.PUJ,1,5/0/0.0,HGW21.BAT,1,3/1/7.0
00|HSBA_CLBBC-HSIA-PUJ_G003|U|OPTICAL|2|ON=PUJ_G003,1,NTA/1.623,NPEALPUJ22,1,9/1/1.623,NN=NPEALPUJ22,1,LAG-191,NPEALPUJ21,1,LAG-191,NB=NPEALPUJ21,1,1/2/1.2219,IBSE01.PUJ,1,14/0/1.2219,BM=IBSE01.PUJ,1,6/0/0.0,HGW21.KLG,1,3/1/7.0
00|HSBA_CLBBC-HSIA-PUJ_G007|U|OPTICAL|2|ON=PUJ_G007,1,NTA/5.623,NPEALPUJ22,1,7/1/1.623,NN=NPEALPUJ22,1,LAG-191,NPEALPUJ21,1,LAG-191,NB=NPEALPUJ21,1,1/2/1.2220,IBSE01.PUJ,1,14/0/1.2220,BM=IBSE01.PUJ,1,5/0/0.0,HGW21.BAT,1,3/1/7.0
00|HSBA_CLBBC-HSIA-PUJ_G007|U|OPTICAL|2|ON=PUJ_G007,1,NTA/5.623,NPEALPUJ22,1,7/1/1.623,NN=NPEALPUJ22,1,LAG-191,NPEALPUJ21,1,LAG-191,NB=NPEALPUJ21,1,1/2/1.2220,IBSE01.PUJ,1,14/0/1.2220,BM=IBSE01.PUJ,1,6/0/0.0,HGW21.KLG,1,3/1/7.0
00|HSBA_CLBBC-HSIA-PUJ_V1081|U|OPTICAL|2|IN=PUJ_V1081,,0.623,NPEALPUJ22,1,6/2/10.623,NN=NPEALPUJ22,1,LAG-191,NPEALPUJ21,1,LAG-191,NB=NPEALPUJ21,1,1/2/1.2217,IBSE01.PUJ,1,14/0/1.2217,BM=IBSE01.PUJ,1,5/0/0.0,HGW21.BAT,1,3/1/7.0
00|HSBA_CLBBC-HSIA-PUJ_V1081|U|OPTICAL|2|IN=PUJ_V1081,,0.623,NPEALPUJ22,1,6/2/10.623,NN=NPEALPUJ22,1,LAG-191,NPEALPUJ21,1,LAG-191,NB=NPEALPUJ21,1,1/2/1.2217,IBSE01.PUJ,1,14/0/1.2217,BM=IBSE01.PUJ,1,6/0/0.0,HGW21.KLG,1,3/1/7.0
00|HSBA_CLBBC-HSIA-PUJ_V1081|U|OPTICAL|2|IN=PUJ_V1081,1,1/9/3.623,NPEALPUJ22,1,5/2/9.623,NN=NPEALPUJ22,1,LAG-191,NPEALPUJ21,1,LAG-191,NB=NPEALPUJ21,1,1/2/1.2217,IBSE01.PUJ,1,14/0/1.2217,BM=IBSE01.PUJ,1,5/0/0.0,HGW21.BAT,1,3/1/7.0
00|HSBA_CLBBC-HSIA-PUJ_V1081|U|OPTICAL|2|IN=PUJ_V1081,1,1/9/3.623,NPEALPUJ22,1,5/2/9.623,NN=NPEALPUJ22,1,LAG-191,NPEALPUJ21,1,LAG-191,NB=NPEALPUJ21,1,1/2/1.2217,IBSE01.PUJ,1,14/0/1.2217,BM=IBSE01.PUJ,1,6/0/0.0,HGW21.KLG,1,3/1/7.0
00|HSBA_CLBBC-HSIA-USJ_G004|U|OPTICAL|2|ON=USJ_G004,,0.623,NPEALUSJ24,1,9/1/1.623,NN=NPEALUSJ24,1,1/1/2001,NPEALUSJ23,1,2/1/2001,NB=NPEALUSJ23,1,1/2/1.2044,IBSE01.PUJ,1,13/0/2.2044,BM=IBSE01.PUJ,1,5/0/0.0,HGW21.BAT,1,3/1/7.0
00|HSBA_CLBBC-HSIA-USJ_G004|U|OPTICAL|2|ON=USJ_G004,,0.623,NPEALUSJ24,1,9/1/1.623,NN=NPEALUSJ24,1,1/1/2001,NPEALUSJ23,1,2/1/2001,NB=NPEALUSJ23,1,1/2/1.2044,IBSE01.PUJ,1,13/0/2.2044,BM=IBSE01.PUJ,1,6/0/0.0,HGW21.KLG,1,3/1/7.0
00|HSBA_CLBBC-HSIA-USJ_G013|U|OPTICAL|2|ON=USJ_G013,0,19/0.623,NPEALUSJ22,1,7/1/1.623,NN=NPEALUSJ22,1,LAG-1,NPEALUSJ21,1,LAG-1,NB=NPEALUSJ21,1,1/2/1.2088,IBSE01.PUJ,1,14/0/0.2088,BM=IBSE01.PUJ,1,5/0/0.0,HGW21.BAT,1,3/1/7.0
00|HSBA_CLBBC-HSIA-USJ_G013|U|OPTICAL|2|ON=USJ_G013,0,19/0.623,NPEALUSJ22,1,7/1/1.623,NN=NPEALUSJ22,1,LAG-1,NPEALUSJ21,1,LAG-1,NB=NPEALUSJ21,1,1/2/1.2088,IBSE01.PUJ,1,14/0/0.2088,BM=IBSE01.PUJ,1,6/0/0.0,HGW21.KLG,1,3/1/7.0
00|HSBA_CLBBC-HSIA-USJ_G014|U|OPTICAL|2|ON=USJ_G014,0,19/0.623,NPEALUSJ22,1,8/1/1.623,NN=NPEALUSJ22,1,LAG-1,NPEALUSJ21,1,LAG-1,NB=NPEALUSJ21,1,1/2/1.2085,IBSE01.PUJ,1,14/0/0.2085,BM=IBSE01.PUJ,1,5/0/0.0,HGW21.BAT,1,3/1/7.0
00|HSBA_CLBBC-HSIA-USJ_G014|U|OPTICAL|2|ON=USJ_G014,0,19/0.623,NPEALUSJ22,1,8/1/1.623,NN=NPEALUSJ22,1,LAG-1,NPEALUSJ21,1,LAG-1,NB=NPEALUSJ21,1,1/2/1.2085,IBSE01.PUJ,1,14/0/0.2085,BM=IBSE01.PUJ,1,6/0/0.0,HGW21.KLG,1,3/1/7.0
00|HSBA_CLVOB-VOBB-PUJ_G003|U|OPTICAL|2|ON=PUJ_G003,1,NTA/1.825,NPEALPUJ22,1,9/1/1.825,NN=NPEALPUJ22,1,LAG-191,NPEALPUJ21,1,LAG-191,NB=NPEALPUJ21,1,1/2/1.3419,IBSE01.PUJ,1,14/0/1.3419,BM=IBSE01.PUJ,1,5/0/0.0,HGW21.BAT,1,3/1/7.0
00|HSBA_CLVOB-VOBB-PUJ_G003|U|OPTICAL|2|ON=PUJ_G003,1,NTA/1.825,NPEALPUJ22,1,9/1/1.825,NN=NPEALPUJ22,1,LAG-191,NPEALPUJ21,1,LAG-191,NB=NPEALPUJ21,1,1/2/1.3419,IBSE01.PUJ,1,14/0/1.3419,BM=IBSE01.PUJ,1,6/0/0.0,HGW21.KLG,1,3/1/7.0
00|HSBA_CLVOB-VOBB-PUJ_G007|U|OPTICAL|2|ON=PUJ_G007,1,NTA/5.825,NPEALPUJ22,1,7/1/1.825,NN=NPEALPUJ22,1,LAG-191,NPEALPUJ21,1,LAG-191,NB=NPEALPUJ21,1,1/2/1.3421,IBSE01.PUJ,1,14/0/1.3421,BM=IBSE01.PUJ,1,5/0/0.0,HGW21.BAT,1,3/1/7.0
00|HSBA_CLVOB-VOBB-PUJ_G007|U|OPTICAL|2|ON=PUJ_G007,1,NTA/5.825,NPEALPUJ22,1,7/1/1.825,NN=NPEALPUJ22,1,LAG-191,NPEALPUJ21,1,LAG-191,NB=NPEALPUJ21,1,1/2/1.3421,IBSE01.PUJ,1,14/0/1.3421,BM=IBSE01.PUJ,1,6/0/0.0,HGW21.KLG,1,3/1/7.0
00|HSBA_CLVOB-VOBB-PUJ_V1081|U|OPTICAL|2|IN=PUJ_V1081,,0.825,NPEALPUJ22,1,6/2/10.825,NN=NPEALPUJ22,1,LAG-191,NPEALPUJ21,1,LAG-191,NB=NPEALPUJ21,1,1/2/1.3417,IBSE01.PUJ,1,14/0/1.3417,BM=IBSE01.PUJ,1,5/0/0.0,HGW21.BAT,1,3/1/7.0
00|HSBA_CLVOB-VOBB-PUJ_V1081|U|OPTICAL|2|IN=PUJ_V1081,,0.825,NPEALPUJ22,1,6/2/10.825,NN=NPEALPUJ22,1,LAG-191,NPEALPUJ21,1,LAG-191,NB=NPEALPUJ21,1,1/2/1.3417,IBSE01.PUJ,1,14/0/1.3417,BM=IBSE01.PUJ,1,6/0/0.0,HGW21.KLG,1,3/1/7.0
00|HSBA_CLVOB-VOBB-PUJ_V1081|U|OPTICAL|2|IN=PUJ_V1081,1,1/9/3.825,NPEALPUJ22,1,5/2/9.825,NN=NPEALPUJ22,1,LAG-191,NPEALPUJ21,1,LAG-191,NB=NPEALPUJ21,1,1/2/1.3417,IBSE01.PUJ,1,14/0/1.3417,BM=IBSE01.PUJ,1,5/0/0.0,HGW21.BAT,1,3/1/7.0
00|HSBA_CLVOB-VOBB-PUJ_V1081|U|OPTICAL|2|IN=PUJ_V1081,1,1/9/3.825,NPEALPUJ22,1,5/2/9.825,NN=NPEALPUJ22,1,LAG-191,NPEALPUJ21,1,LAG-191,NB=NPEALPUJ21,1,1/2/1.3417,IBSE01.PUJ,1,14/0/1.3417,BM=IBSE01.PUJ,1,6/0/0.0,HGW21.KLG,1,3/1/7.0
00|HSBA_CLVOB-VOBB-USJ_G004|U|OPTICAL|2|ON=USJ_G004,,0.825,NPEALUSJ24,1,9/1/1.825,NN=NPEALUSJ24,1,1/1/2001,NPEALUSJ23,1,2/1/2001,NB=NPEALUSJ23,1,1/2/1.3244,IBSE01.PUJ,1,13/0/2.3244,BM=IBSE01.PUJ,1,5/0/0.0,HGW21.BAT,1,3/1/7.0
00|HSBA_CLVOB-VOBB-USJ_G004|U|OPTICAL|2|ON=USJ_G004,,0.825,NPEALUSJ24,1,9/1/1.825,NN=NPEALUSJ24,1,1/1/2001,NPEALUSJ23,1,2/1/2001,NB=NPEALUSJ23,1,1/2/1.3244,IBSE01.PUJ,1,13/0/2.3244,BM=IBSE01.PUJ,1,6/0/0.0,HGW21.KLG,1,3/1/7.0
00|HSBA_CLVOB-VOBB-USJ_G012|U|OPTICAL|2|ON=USJ_G012,0,19/0.623,NPEALUSJ22,1,6/1/1.623,NN=NPEALUSJ22,1,LAG-1,NPEALUSJ21,1,LAG-1,NB=NPEALUSJ21,1,1/2/1.2086,IBSE01.PUJ,1,14/0/0.2086,BM=IBSE01.PUJ,1,5/0/0.0,HGW21.BAT,1,3/1/7.0
00|HSBA_CLVOB-VOBB-USJ_G012|U|OPTICAL|2|ON=USJ_G012,0,19/0.623,NPEALUSJ22,1,6/1/1.623,NN=NPEALUSJ22,1,LAG-1,NPEALUSJ21,1,LAG-1,NB=NPEALUSJ21,1,1/2/1.2086,IBSE01.PUJ,1,14/0/0.2086,BM=IBSE01.PUJ,1,6/0/0.0,HGW21.KLG,1,3/1/7.0
00|HSBA_CLVOB-VOBB-USJ_G012|U|OPTICAL|2|ON=USJ_G012,0,19/0.825,NPEALUSJ22,1,6/1/1.825,NN=NPEALUSJ22,1,LAG-1,NPEALUSJ21,1,LAG-1,NB=NPEALUSJ21,1,1/2/1.3286,IBSE01.PUJ,1,14/0/0.3286,BM=IBSE01.PUJ,1,5/0/0.0,HGW21.BAT,1,3/1/7.0
00|HSBA_CLVOB-VOBB-USJ_G012|U|OPTICAL|2|ON=USJ_G012,0,19/0.825,NPEALUSJ22,1,6/1/1.825,NN=NPEALUSJ22,1,LAG-1,NPEALUSJ21,1,LAG-1,NB=NPEALUSJ21,1,1/2/1.3286,IBSE01.PUJ,1,14/0/0.3286,BM=IBSE01.PUJ,1,6/0/0.0,HGW21.KLG,1,3/1/7.0
00|HSBA_CLVOB-VOBB-USJ_G013|U|OPTICAL|2|ON=USJ_G013,0,19/0.825,NPEALUSJ22,1,7/1/1.825,NN=NPEALUSJ22,1,LAG-1,NPEALUSJ21,1,LAG-1,NB=NPEALUSJ21,1,1/2/1.3288,IBSE01.PUJ,1,14/0/0.3288,BM=IBSE01.PUJ,1,5/0/0.0,HGW21.BAT,1,3/1/7.0
00|HSBA_CLVOB-VOBB-USJ_G013|U|OPTICAL|2|ON=USJ_G013,0,19/0.825,NPEALUSJ22,1,7/1/1.825,NN=NPEALUSJ22,1,LAG-1,NPEALUSJ21,1,LAG-1,NB=NPEALUSJ21,1,1/2/1.3288,IBSE01.PUJ,1,14/0/0.3288,BM=IBSE01.PUJ,1,6/0/0.0,HGW21.KLG,1,3/1/7.0
00|HSBA_CLVOB-VOBB-USJ_G014|U|OPTICAL|2|ON=USJ_G014,0,19/0.825,NPEALUSJ22,1,8/1/1.825,NN=NPEALUSJ22,1,LAG-1,NPEALUSJ21,1,LAG-1,NB=NPEALUSJ21,1,1/2/1.3285,IBSE01.PUJ,1,14/0/0.3285,BM=IBSE01.PUJ,1,5/0/0.0,HGW21.BAT,1,3/1/7.0
00|HSBA_CLVOB-VOBB-USJ_G014|U|OPTICAL|2|ON=USJ_G014,0,19/0.825,NPEALUSJ22,1,8/1/1.825,NN=NPEALUSJ22,1,LAG-1,NPEALUSJ21,1,LAG-1,NB=NPEALUSJ21,1,1/2/1.3285,IBSE01.PUJ,1,14/0/0.3285,BM=IBSE01.PUJ,1,6/0/0.0,HGW21.KLG,1,3/1/7.0
00|HSBA_FOBBC-HSIA-CBJ_G009|U|OPTICAL|2|ON=CBJ_G009,1,NTA/5.624,NPEALCBJ22,1,6/1/2.624,NN=NPEALCBJ22,1,LAG-191,NPEALCBJ21,1,LAG-191,NB=NPEALCBJ21,1,1/2/1.2113,IBSE01.PUJ,1,13/0/3.2113,BM=IBSE01.PUJ,1,5/0/0.0,HGW21.BAT,1,3/1/7.0
00|HSBA_FOBBC-HSIA-CBJ_G009|U|OPTICAL|2|ON=CBJ_G009,1,NTA/5.624,NPEALCBJ22,1,6/1/2.624,NN=NPEALCBJ22,1,LAG-191,NPEALCBJ21,1,LAG-191,NB=NPEALCBJ21,1,1/2/1.2113,IBSE01.PUJ,1,13/0/3.2113,BM=IBSE01.PUJ,1,6/0/0.0,HGW21.KLG,1,3/1/7.0
00|HSBA_FOBBC-HSIA-CBJ_G009|U|OPTICAL|2|ON=CBJ_G009,1,NTA/5.624,NPEALCBJ22,1,6/1/2.624,NN=NPEALCBJ22,1,LAG-3,NPEALCBJ21,1,LAG-3,NB=NPEALCBJ21,1,1/2/1.2113,IBSE01.PUJ,1,13/0/3.2113,BM=IBSE01.PUJ,1,5/0/0.0,HGW21.BAT,1,3/1/7.0
00|HSBA_FOBBC-HSIA-CBJ_G009|U|OPTICAL|2|ON=CBJ_G009,1,NTA/5.624,NPEALCBJ22,1,6/1/2.624,NN=NPEALCBJ22,1,LAG-3,NPEALCBJ21,1,LAG-3,NB=NPEALCBJ21,1,1/2/1.2113,IBSE01.PUJ,1,13/0/3.2113,BM=IBSE01.PUJ,1,6/0/0.0,HGW21.KLG,1,3/1/7.0
00|HSBA_FOBBC-HSIA-CBJ_G010|U|OPTICAL|2|ON=CBJ_G010,1,NTA/5.624,NPEALCBJ22,1,7/1/2.624,NN=NPEALCBJ22,1,LAG-191,NPEALCBJ21,1,LAG-191,NB=NPEALCBJ21,1,1/2/1.2112,IBSE01.PUJ,1,13/0/3.2112,BM=IBSE01.PUJ,1,5/0/0.0,HGW21.BAT,1,3/1/7.0
00|HSBA_FOBBC-HSIA-CBJ_G010|U|OPTICAL|2|ON=CBJ_G010,1,NTA/5.624,NPEALCBJ22,1,7/1/2.624,NN=NPEALCBJ22,1,LAG-191,NPEALCBJ21,1,LAG-191,NB=NPEALCBJ21,1,1/2/1.2112,IBSE01.PUJ,1,13/0/3.2112,BM=IBSE01.PUJ,1,6/0/0.0,HGW21.KLG,1,3/1/7.0
00|HSBA_FOBBC-HSIA-CBJ_G010|U|OPTICAL|2|ON=CBJ_G010,1,NTA/5.624,NPEALCBJ22,1,7/1/2.624,NN=NPEALCBJ22,1,LAG-3,NPEALCBJ21,1,LAG-3,NB=NPEALCBJ21,1,1/2/1.2112,IBSE01.PUJ,1,13/0/3.2112,BM=IBSE01.PUJ,1,5/0/0.0,HGW21.BAT,1,3/1/7.0
00|HSBA_FOBBC-HSIA-CBJ_G010|U|OPTICAL|2|ON=CBJ_G010,1,NTA/5.624,NPEALCBJ22,1,7/1/2.624,NN=NPEALCBJ22,1,LAG-3,NPEALCBJ21,1,LAG-3,NB=NPEALCBJ21,1,1/2/1.2112,IBSE01.PUJ,1,13/0/3.2112,BM=IBSE01.PUJ,1,6/0/0.0,HGW21.KLG,1,3/1/7.0
00|HSBA_FOBBC-HSIA-PUJ_V1001|U|OPTICAL|2|IN=PUJ_V1001,,0.624,NPEALPUJ22,1,3/2/1.624,NN=NPEALPUJ22,1,LAG-191,NPEALPUJ21,1,LAG-191,NB=NPEALPUJ21,1,1/2/1.2533,IBSE01.PUJ,1,14/0/1.2533,BM=IBSE01.PUJ,1,5/0/0.0,HGW21.BAT,1,3/1/7.0
00|HSBA_FOBBC-HSIA-PUJ_V1001|U|OPTICAL|2|IN=PUJ_V1001,,0.624,NPEALPUJ22,1,3/2/1.624,NN=NPEALPUJ22,1,LAG-191,NPEALPUJ21,1,LAG-191,NB=NPEALPUJ21,1,1/2/1.2533,IBSE01.PUJ,1,14/0/1.2533,BM=IBSE01.PUJ,1,6/0/0.0,HGW21.KLG,1,3/1/7.0
00|HSBA_FOBBC-HSIA-PUJ_V1001|U|OPTICAL|2|IN=PUJ_V1001,1,1/9/4.624,NPEALPUJ22,1,5/1/1.624,NN=NPEALPUJ22,1,LAG-191,NPEALPUJ21,1,LAG-191,NB=NPEALPUJ21,1,1/2/1.2533,IBSE01.PUJ,1,14/0/1.2533,BM=IBSE01.PUJ,1,5/0/0.0,HGW21.BAT,1,3/1/7.0
00|HSBA_FOBBC-HSIA-PUJ_V1001|U|OPTICAL|2|IN=PUJ_V1001,1,1/9/4.624,NPEALPUJ22,1,5/1/1.624,NN=NPEALPUJ22,1,LAG-191,NPEALPUJ21,1,LAG-191,NB=NPEALPUJ21,1,1/2/1.2533,IBSE01.PUJ,1,14/0/1.2533,BM=IBSE01.PUJ,1,6/0/0.0,HGW21.KLG,1,3/1/7.0
00|HSBA_FOBBC-HSIA-PUJ_V1038|U|OPTICAL|2|IN=PUJ_V1038,1,1/9/3.624,NPEALPUJ22,1,9/2/6.624,NN=NPEALPUJ22,1,LAG-191,NPEALPUJ21,1,LAG-191,NB=NPEALPUJ21,1,1/2/1.2532,IBSE01.PUJ,1,14/0/1.2532,BM=IBSE01.PUJ,1,5/0/0.0,HGW21.BAT,1,3/1/7.0
00|HSBA_FOBBC-HSIA-PUJ_V1038|U|OPTICAL|2|IN=PUJ_V1038,1,1/9/3.624,NPEALPUJ22,1,9/2/6.624,NN=NPEALPUJ22,1,LAG-191,NPEALPUJ21,1,LAG-191,NB=NPEALPUJ21,1,1/2/1.2532,IBSE01.PUJ,1,14/0/1.2532,BM=IBSE01.PUJ,1,6/0/0.0,HGW21.KLG,1,3/1/7.0
00|HSBA_FOBBC-HSIA-USJ_G001|U|OPTICAL|2|ON=USJ_G001,0,19/0.624,NPEALUSJ22,1,5/2/1.624,NN=NPEALUSJ22,1,LAG-1,NPEALUSJ21,1,LAG-1,NB=NPEALUSJ21,1,1/2/1.2167,IBSE01.PUJ,1,14/0/0.2167,BM=IBSE01.PUJ,1,5/0/0.0,HGW21.BAT,1,3/1/7.0
00|HSBA_FOBBC-HSIA-USJ_G001|U|OPTICAL|2|ON=USJ_G001,0,19/0.624,NPEALUSJ22,1,5/2/1.624,NN=NPEALUSJ22,1,LAG-1,NPEALUSJ21,1,LAG-1,NB=NPEALUSJ21,1,1/2/1.2167,IBSE01.PUJ,1,14/0/0.2167,BM=IBSE01.PUJ,1,6/0/0.0,HGW21.KLG,1,3/1/7.0
00|HSBA_FOBBC-HSIA-USJ_G004|U|OPTICAL|2|ON=USJ_G004,,0.624,NPEALUSJ24,1,9/1/1.624,NN=NPEALUSJ24,1,1/1/2001,NPEALUSJ23,1,2/1/2001,NB=NPEALUSJ23,1,1/2/1.2049,IBSE01.PUJ,1,13/0/2.2049,BM=IBSE01.PUJ,1,5/0/0.0,HGW21.BAT,1,3/1/7.0
00|HSBA_FOBBC-HSIA-USJ_G004|U|OPTICAL|2|ON=USJ_G004,,0.624,NPEALUSJ24,1,9/1/1.624,NN=NPEALUSJ24,1,1/1/2001,NPEALUSJ23,1,2/1/2001,NB=NPEALUSJ23,1,1/2/1.2049,IBSE01.PUJ,1,13/0/2.2049,BM=IBSE01.PUJ,1,6/0/0.0,HGW21.KLG,1,3/1/7.0
00|HSBA_FOBBC-HSIA-USJ_G005|U|OPTICAL|2|ON=USJ_G005,0,19/0.624,NPEALUSJ24,1,8/1/1.624,NN=NPEALUSJ24,1,1/1/2001,NPEALUSJ23,1,2/1/2001,NB=NPEALUSJ23,1,1/2/1.2050,IBSE01.PUJ,1,13/0/2.2050,BM=IBSE01.PUJ,1,5/0/0.0,HGW21.BAT,1,3/1/7.0
00|HSBA_FOBBC-HSIA-USJ_G005|U|OPTICAL|2|ON=USJ_G005,0,19/0.624,NPEALUSJ24,1,8/1/1.624,NN=NPEALUSJ24,1,1/1/2001,NPEALUSJ23,1,2/1/2001,NB=NPEALUSJ23,1,1/2/1.2050,IBSE01.PUJ,1,13/0/2.2050,BM=IBSE01.PUJ,1,6/0/0.0,HGW21.KLG,1,3/1/7.0
00|HSBA_FOBBC-HSIA-USJ_G010|U|OPTICAL|2|ON=USJ_G010,0,19/0.624,NPEALUSJ22,1,4/2/1.624,NN=NPEALUSJ22,1,LAG-1,NPEALUSJ21,1,LAG-1,NB=NPEALUSJ21,1,1/2/1.2162,IBSE01.PUJ,1,14/0/0.2162,BM=IBSE01.PUJ,1,5/0/0.0,HGW21.BAT,1,3/1/7.0
00|HSBA_FOBBC-HSIA-USJ_G010|U|OPTICAL|2|ON=USJ_G010,0,19/0.624,NPEALUSJ22,1,4/2/1.624,NN=NPEALUSJ22,1,LAG-1,NPEALUSJ21,1,LAG-1,NB=NPEALUSJ21,1,1/2/1.2162,IBSE01.PUJ,1,14/0/0.2162,BM=IBSE01.PUJ,1,6/0/0.0,HGW21.KLG,1,3/1/7.0
00|HSBA_FOBBC-HSIA-USJ_G011|U|OPTICAL|2|ON=USJ_G011,0,19/0.624,NPEALUSJ22,1,5/1/1.624,NN=NPEALUSJ22,1,LAG-1,NPEALUSJ21,1,LAG-1,NB=NPEALUSJ21,1,1/2/1.2168,IBSE01.PUJ,1,14/0/0.2168,BM=IBSE01.PUJ,1,5/0/0.0,HGW21.BAT,1,3/1/7.0
00|HSBA_FOBBC-HSIA-USJ_G011|U|OPTICAL|2|ON=USJ_G011,0,19/0.624,NPEALUSJ22,1,5/1/1.624,NN=NPEALUSJ22,1,LAG-1,NPEALUSJ21,1,LAG-1,NB=NPEALUSJ21,1,1/2/1.2168,IBSE01.PUJ,1,14/0/0.2168,BM=IBSE01.PUJ,1,6/0/0.0,HGW21.KLG,1,3/1/7.0
00|HSBA_FOBBC-HSIA-USJ_G012|U|OPTICAL|2|ON=USJ_G012,0,19/0.624,NPEALUSJ22,1,6/1/1.624,NN=NPEALUSJ22,1,LAG-1,NPEALUSJ21,1,LAG-1,NB=NPEALUSJ21,1,1/2/1.2169,IBSE01.PUJ,1,14/0/0.2169,BM=IBSE01.PUJ,1,5/0/0.0,HGW21.BAT,1,3/1/7.0
00|HSBA_FOBBC-HSIA-USJ_G012|U|OPTICAL|2|ON=USJ_G012,0,19/0.624,NPEALUSJ22,1,6/1/1.624,NN=NPEALUSJ22,1,LAG-1,NPEALUSJ21,1,LAG-1,NB=NPEALUSJ21,1,1/2/1.2169,IBSE01.PUJ,1,14/0/0.2169,BM=IBSE01.PUJ,1,6/0/0.0,HGW21.KLG,1,3/1/7.0
00|HSBA_FOBBC-HSIA-USJ_G013|U|OPTICAL|2|ON=USJ_G013,0,19/0.624,NPEALUSJ22,1,7/1/1.624,NN=NPEALUSJ22,1,LAG-1,NPEALUSJ21,1,LAG-1,NB=NPEALUSJ21,1,1/2/1.2170,IBSE01.PUJ,1,14/0/0.2170,BM=IBSE01.PUJ,1,5/0/0.0,HGW21.BAT,1,3/1/7.0
00|HSBA_FOBBC-HSIA-USJ_G013|U|OPTICAL|2|ON=USJ_G013,0,19/0.624,NPEALUSJ22,1,7/1/1.624,NN=NPEALUSJ22,1,LAG-1,NPEALUSJ21,1,LAG-1,NB=NPEALUSJ21,1,1/2/1.2170,IBSE01.PUJ,1,14/0/0.2170,BM=IBSE01.PUJ,1,6/0/0.0,HGW21.KLG,1,3/1/7.0
00|HSBA_FOBBC-HSIA-USJ_G014|U|OPTICAL|2|ON=USJ_G014,0,19/0.624,NPEALUSJ22,1,8/1/1.624,NN=NPEALUSJ22,1,LAG-1,NPEALUSJ21,1,LAG-1,NB=NPEALUSJ21,1,1/2/1.2165,IBSE01.PUJ,1,14/0/0.2165,BM=IBSE01.PUJ,1,5/0/0.0,HGW21.BAT,1,3/1/7.0
00|HSBA_FOBBC-HSIA-USJ_G014|U|OPTICAL|2|ON=USJ_G014,0,19/0.624,NPEALUSJ22,1,8/1/1.624,NN=NPEALUSJ22,1,LAG-1,NPEALUSJ21,1,LAG-1,NB=NPEALUSJ21,1,1/2/1.2165,IBSE01.PUJ,1,14/0/0.2165,BM=IBSE01.PUJ,1,6/0/0.0,HGW21.KLG,1,3/1/7.0
00|HSBA_FOBBC-HSIA-USJ_G015|U|OPTICAL|2|ON=USJ_G015,0,19/0.624,NPEALUSJ22,1,9/1/1.624,NN=NPEALUSJ22,1,LAG-1,NPEALUSJ21,1,LAG-1,NB=NPEALUSJ21,1,1/2/1.2175,IBSE01.PUJ,1,14/0/0.2175,BM=IBSE01.PUJ,1,5/0/0.0,HGW21.BAT,1,3/1/7.0
00|HSBA_FOBBC-HSIA-USJ_G015|U|OPTICAL|2|ON=USJ_G015,0,19/0.624,NPEALUSJ22,1,9/1/1.624,NN=NPEALUSJ22,1,LAG-1,NPEALUSJ21,1,LAG-1,NB=NPEALUSJ21,1,1/2/1.2175,IBSE01.PUJ,1,14/0/0.2175,BM=IBSE01.PUJ,1,6/0/0.0,HGW21.KLG,1,3/1/7.0
00|HSBA_MXSTV-IPTV-CBJ_G003|U|OPTICAL|2|ON=CBJ_G003,1,NTA/1.823,NPEALCBJ22,1,4/2/1.823,NN=NPEALCBJ22,1,LAG-191,NPEALCBJ21,1,LAG-191,NB=NPEALCBJ21,1,1/2/1.2900,IBSE01.PUJ,1,13/0/3.2900,BM=IBSE01.PUJ,1,5/0/0.0,HGW21.BAT,1,3/1/7.0
00|HSBA_MXSTV-IPTV-CBJ_G003|U|OPTICAL|2|ON=CBJ_G003,1,NTA/1.823,NPEALCBJ22,1,4/2/1.823,NN=NPEALCBJ22,1,LAG-191,NPEALCBJ21,1,LAG-191,NB=NPEALCBJ21,1,1/2/1.2900,IBSE01.PUJ,1,13/0/3.2900,BM=IBSE01.PUJ,1,6/0/0.0,HGW21.KLG,1,3/1/7.0
00|HSBA_MXSTV-IPTV-CBJ_G003|U|OPTICAL|2|ON=CBJ_G003,1,NTA/1.823,NPEALCBJ22,1,4/2/1.823,NN=NPEALCBJ22,1,LAG-3,NPEALCBJ21,1,LAG-3,NB=NPEALCBJ21,1,1/2/1.2900,IBSE01.PUJ,1,13/0/3.2900,BM=IBSE01.PUJ,1,5/0/0.0,HGW21.BAT,1,3/1/7.0
00|HSBA_MXSTV-IPTV-CBJ_G003|U|OPTICAL|2|ON=CBJ_G003,1,NTA/1.823,NPEALCBJ22,1,4/2/1.823,NN=NPEALCBJ22,1,LAG-3,NPEALCBJ21,1,LAG-3,NB=NPEALCBJ21,1,1/2/1.2900,IBSE01.PUJ,1,13/0/3.2900,BM=IBSE01.PUJ,1,6/0/0.0,HGW21.KLG,1,3/1/7.0
00|HSBA_MXSTV-IPTV-CBJ_G009|U|OPTICAL|2|ON=CBJ_G009,1,NTA/5.823,NPEALCBJ22,1,6/1/2.823,NN=NPEALCBJ22,1,LAG-191,NPEALCBJ21,1,LAG-191,NB=NPEALCBJ21,1,1/2/1.2900,IBSE01.PUJ,1,13/0/3.2900,BM=IBSE01.PUJ,1,5/0/0.0,HGW21.BAT,1,3/1/7.0
00|HSBA_MXSTV-IPTV-CBJ_G009|U|OPTICAL|2|ON=CBJ_G009,1,NTA/5.823,NPEALCBJ22,1,6/1/2.823,NN=NPEALCBJ22,1,LAG-191,NPEALCBJ21,1,LAG-191,NB=NPEALCBJ21,1,1/2/1.2900,IBSE01.PUJ,1,13/0/3.2900,BM=IBSE01.PUJ,1,6/0/0.0,HGW21.KLG,1,3/1/7.0
00|HSBA_MXSTV-IPTV-CBJ_G009|U|OPTICAL|2|ON=CBJ_G009,1,NTA/5.823,NPEALCBJ22,1,6/1/2.823,NN=NPEALCBJ22,1,LAG-3,NPEALCBJ21,1,LAG-3,NB=NPEALCBJ21,1,1/2/1.2900,IBSE01.PUJ,1,13/0/3.2900,BM=IBSE01.PUJ,1,5/0/0.0,HGW21.BAT,1,3/1/7.0
00|HSBA_MXSTV-IPTV-CBJ_G009|U|OPTICAL|2|ON=CBJ_G009,1,NTA/5.823,NPEALCBJ22,1,6/1/2.823,NN=NPEALCBJ22,1,LAG-3,NPEALCBJ21,1,LAG-3,NB=NPEALCBJ21,1,1/2/1.2900,IBSE01.PUJ,1,13/0/3.2900,BM=IBSE01.PUJ,1,6/0/0.0,HGW21.KLG,1,3/1/7.0
00|HSBA_MXSTV-IPTV-CBJ_G010|U|OPTICAL|2|ON=CBJ_G010,1,NTA/5.823,NPEALCBJ22,1,7/1/2.823,NN=NPEALCBJ22,1,LAG-191,NPEALCBJ21,1,LAG-191,NB=NPEALCBJ21,1,1/2/1.2900,IBSE01.PUJ,1,13/0/3.2900,BM=IBSE01.PUJ,1,5/0/0.0,HGW21.BAT,1,3/1/7.0
00|HSBA_MXSTV-IPTV-CBJ_G010|U|OPTICAL|2|ON=CBJ_G010,1,NTA/5.823,NPEALCBJ22,1,7/1/2.823,NN=NPEALCBJ22,1,LAG-191,NPEALCBJ21,1,LAG-191,NB=NPEALCBJ21,1,1/2/1.2900,IBSE01.PUJ,1,13/0/3.2900,BM=IBSE01.PUJ,1,6/0/0.0,HGW21.KLG,1,3/1/7.0
00|HSBA_MXSTV-IPTV-CBJ_G010|U|OPTICAL|2|ON=CBJ_G010,1,NTA/5.823,NPEALCBJ22,1,7/1/2.823,NN=NPEALCBJ22,1,LAG-3,NPEALCBJ21,1,LAG-3,NB=NPEALCBJ21,1,1/2/1.2900,IBSE01.PUJ,1,13/0/3.2900,BM=IBSE01.PUJ,1,5/0/0.0,HGW21.BAT,1,3/1/7.0
00|HSBA_MXSTV-IPTV-CBJ_G010|U|OPTICAL|2|ON=CBJ_G010,1,NTA/5.823,NPEALCBJ22,1,7/1/2.823,NN=NPEALCBJ22,1,LAG-3,NPEALCBJ21,1,LAG-3,NB=NPEALCBJ21,1,1/2/1.2900,IBSE01.PUJ,1,13/0/3.2900,BM=IBSE01.PUJ,1,6/0/0.0,HGW21.KLG,1,3/1/7.0
00|HSBA_MXSTV-IPTV-CBJ_G011|U|OPTICAL|2|ON=CBJ_G011,1,NTA/6.823,NPEALCBJ22,1,3/2/1.823,NN=NPEALCBJ22,1,LAG-191,NPEALCBJ21,1,LAG-191,NB=NPEALCBJ21,1,1/2/1.2900,IBSE01.PUJ,1,13/0/3.2900,BM=IBSE01.PUJ,1,5/0/0.0,HGW21.BAT,1,3/1/7.0
00|HSBA_MXSTV-IPTV-CBJ_G011|U|OPTICAL|2|ON=CBJ_G011,1,NTA/6.823,NPEALCBJ22,1,3/2/1.823,NN=NPEALCBJ22,1,LAG-191,NPEALCBJ21,1,LAG-191,NB=NPEALCBJ21,1,1/2/1.2900,IBSE01.PUJ,1,13/0/3.2900,BM=IBSE01.PUJ,1,6/0/0.0,HGW21.KLG,1,3/1/7.0
00|HSBA_MXSTV-IPTV-CBJ_G011|U|OPTICAL|2|ON=CBJ_G011,1,NTA/6.823,NPEALCBJ22,1,3/2/1.823,NN=NPEALCBJ22,1,LAG-3,NPEALCBJ21,1,LAG-3,NB=NPEALCBJ21,1,1/2/1.2900,IBSE01.PUJ,1,13/0/3.2900,BM=IBSE01.PUJ,1,5/0/0.0,HGW21.BAT,1,3/1/7.0
00|HSBA_MXSTV-IPTV-CBJ_G011|U|OPTICAL|2|ON=CBJ_G011,1,NTA/6.823,NPEALCBJ22,1,3/2/1.823,NN=NPEALCBJ22,1,LAG-3,NPEALCBJ21,1,LAG-3,NB=NPEALCBJ21,1,1/2/1.2900,IBSE01.PUJ,1,13/0/3.2900,BM=IBSE01.PUJ,1,6/0/0.0,HGW21.KLG,1,3/1/7.0
00|HSBA_MXSTV-IPTV-CBJ_V1001|U|OPTICAL|2|IN=CBJ_V1001,,0.823,NPEALCBJ22,1,9/2/11.823,NN=NPEALCBJ22,1,LAG-191,NPEALCBJ21,1,LAG-191,NB=NPEALCBJ21,1,1/2/1.2900,IBSE01.PUJ,1,13/0/3.2900,BM=IBSE01.PUJ,1,5/0/0.0,HGW21.BAT,1,3/1/7.0
00|HSBA_MXSTV-IPTV-CBJ_V1001|U|OPTICAL|2|IN=CBJ_V1001,,0.823,NPEALCBJ22,1,9/2/11.823,NN=NPEALCBJ22,1,LAG-191,NPEALCBJ21,1,LAG-191,NB=NPEALCBJ21,1,1/2/1.2900,IBSE01.PUJ,1,13/0/3.2900,BM=IBSE01.PUJ,1,6/0/0.0,HGW21.KLG,1,3/1/7.0
00|HSBA_MXSTV-IPTV-CBJ_V1001|U|OPTICAL|2|IN=CBJ_V1001,,0.823,NPEALCBJ22,1,9/2/11.823,NN=NPEALCBJ22,1,LAG-3,NPEALCBJ21,1,LAG-3,NB=NPEALCBJ21,1,1/2/1.2900,IBSE01.PUJ,1,13/0/3.2900,BM=IBSE01.PUJ,1,5/0/0.0,HGW21.BAT,1,3/1/7.0
00|HSBA_MXSTV-IPTV-CBJ_V1001|U|OPTICAL|2|IN=CBJ_V1001,,0.823,NPEALCBJ22,1,9/2/11.823,NN=NPEALCBJ22,1,LAG-3,NPEALCBJ21,1,LAG-3,NB=NPEALCBJ21,1,1/2/1.2900,IBSE01.PUJ,1,13/0/3.2900,BM=IBSE01.PUJ,1,6/0/0.0,HGW21.KLG,1,3/1/7.0
00|HSBA_MXSTV-IPTV-CBJ_V1002|U|OPTICAL|2|IN=CBJ_V1002,,0.823,NPEALCBJ22,1,9/2/14.823,NN=NPEALCBJ22,1,LAG-191,NPEALCBJ21,1,LAG-191,NB=NPEALCBJ21,1,1/2/1.2900,IBSE01.PUJ,1,13/0/3.2900,BM=IBSE01.PUJ,1,5/0/0.0,HGW21.BAT,1,3/1/7.0
00|HSBA_MXSTV-IPTV-CBJ_V1002|U|OPTICAL|2|IN=CBJ_V1002,,0.823,NPEALCBJ22,1,9/2/14.823,NN=NPEALCBJ22,1,LAG-191,NPEALCBJ21,1,LAG-191,NB=NPEALCBJ21,1,1/2/1.2900,IBSE01.PUJ,1,13/0/3.2900,BM=IBSE01.PUJ,1,6/0/0.0,HGW21.KLG,1,3/1/7.0
00|HSBA_MXSTV-IPTV-CBJ_V1002|U|OPTICAL|2|IN=CBJ_V1002,,0.823,NPEALCBJ22,1,9/2/14.823,NN=NPEALCBJ22,1,LAG-3,NPEALCBJ21,1,LAG-3,NB=NPEALCBJ21,1,1/2/1.2900,IBSE01.PUJ,1,13/0/3.2900,BM=IBSE01.PUJ,1,5/0/0.0,HGW21.BAT,1,3/1/7.0
00|HSBA_MXSTV-IPTV-CBJ_V1002|U|OPTICAL|2|IN=CBJ_V1002,,0.823,NPEALCBJ22,1,9/2/14.823,NN=NPEALCBJ22,1,LAG-3,NPEALCBJ21,1,LAG-3,NB=NPEALCBJ21,1,1/2/1.2900,IBSE01.PUJ,1,13/0/3.2900,BM=IBSE01.PUJ,1,6/0/0.0,HGW21.KLG,1,3/1/7.0
00|HSBA_MXSTV-IPTV-CBJ_V1003|U|OPTICAL|2|IN=CBJ_V1003,,0.823,NPEALCBJ22,1,9/2/16.823,NN=NPEALCBJ22,1,LAG-191,NPEALCBJ21,1,LAG-191,NB=NPEALCBJ21,1,1/2/1.2900,IBSE01.PUJ,1,13/0/3.2900,BM=IBSE01.PUJ,1,5/0/0.0,HGW21.BAT,1,3/1/7.0
00|HSBA_MXSTV-IPTV-CBJ_V1003|U|OPTICAL|2|IN=CBJ_V1003,,0.823,NPEALCBJ22,1,9/2/16.823,NN=NPEALCBJ22,1,LAG-191,NPEALCBJ21,1,LAG-191,NB=NPEALCBJ21,1,1/2/1.2900,IBSE01.PUJ,1,13/0/3.2900,BM=IBSE01.PUJ,1,6/0/0.0,HGW21.KLG,1,3/1/7.0
00|HSBA_MXSTV-IPTV-CBJ_V1003|U|OPTICAL|2|IN=CBJ_V1003,,0.823,NPEALCBJ22,1,9/2/16.823,NN=NPEALCBJ22,1,LAG-3,NPEALCBJ21,1,LAG-3,NB=NPEALCBJ21,1,1/2/1.2900,IBSE01.PUJ,1,13/0/3.2900,BM=IBSE01.PUJ,1,5/0/0.0,HGW21.BAT,1,3/1/7.0
00|HSBA_MXSTV-IPTV-CBJ_V1003|U|OPTICAL|2|IN=CBJ_V1003,,0.823,NPEALCBJ22,1,9/2/16.823,NN=NPEALCBJ22,1,LAG-3,NPEALCBJ21,1,LAG-3,NB=NPEALCBJ21,1,1/2/1.2900,IBSE01.PUJ,1,13/0/3.2900,BM=IBSE01.PUJ,1,6/0/0.0,HGW21.KLG,1,3/1/7.0
00|HSBA_MXSTV-IPTV-CBJ_V1004|U|OPTICAL|2|IN=CBJ_V1004,,0.823,NPEALCBJ22,1,9/2/18.823,NN=NPEALCBJ22,1,LAG-191,NPEALCBJ21,1,LAG-191,NB=NPEALCBJ21,1,1/2/1.2900,IBSE01.PUJ,1,13/0/3.2900,BM=IBSE01.PUJ,1,5/0/0.0,HGW21.BAT,1,3/1/7.0
00|HSBA_MXSTV-IPTV-CBJ_V1004|U|OPTICAL|2|IN=CBJ_V1004,,0.823,NPEALCBJ22,1,9/2/18.823,NN=NPEALCBJ22,1,LAG-191,NPEALCBJ21,1,LAG-191,NB=NPEALCBJ21,1,1/2/1.2900,IBSE01.PUJ,1,13/0/3.2900,BM=IBSE01.PUJ,1,6/0/0.0,HGW21.KLG,1,3/1/7.0
00|HSBA_MXSTV-IPTV-CBJ_V1004|U|OPTICAL|2|IN=CBJ_V1004,,0.823,NPEALCBJ22,1,9/2/18.823,NN=NPEALCBJ22,1,LAG-3,NPEALCBJ21,1,LAG-3,NB=NPEALCBJ21,1,1/2/1.2900,IBSE01.PUJ,1,13/0/3.2900,BM=IBSE01.PUJ,1,5/0/0.0,HGW21.BAT,1,3/1/7.0
00|HSBA_MXSTV-IPTV-CBJ_V1004|U|OPTICAL|2|IN=CBJ_V1004,,0.823,NPEALCBJ22,1,9/2/18.823,NN=NPEALCBJ22,1,LAG-3,NPEALCBJ21,1,LAG-3,NB=NPEALCBJ21,1,1/2/1.2900,IBSE01.PUJ,1,13/0/3.2900,BM=IBSE01.PUJ,1,6/0/0.0,HGW21.KLG,1,3/1/7.0
00|HSBA_MXSTV-IPTV-CBJ_V1006|U|OPTICAL|2|IN=CBJ_V1006,,0.823,NPEALCBJ22,1,10/2/19.823,NN=NPEALCBJ22,1,LAG-191,NPEALCBJ21,1,LAG-191,NB=NPEALCBJ21,1,1/2/1.2900,IBSE01.PUJ,1,13/0/3.2900,BM=IBSE01.PUJ,1,5/0/0.0,HGW21.BAT,1,3/1/7.0
00|HSBA_MXSTV-IPTV-CBJ_V1006|U|OPTICAL|2|IN=CBJ_V1006,,0.823,NPEALCBJ22,1,10/2/19.823,NN=NPEALCBJ22,1,LAG-191,NPEALCBJ21,1,LAG-191,NB=NPEALCBJ21,1,1/2/1.2900,IBSE01.PUJ,1,13/0/3.2900,BM=IBSE01.PUJ,1,6/0/0.0,HGW21.KLG,1,3/1/7.0
00|HSBA_MXSTV-IPTV-CBJ_V1006|U|OPTICAL|2|IN=CBJ_V1006,,0.823,NPEALCBJ22,1,10/2/19.823,NN=NPEALCBJ22,1,LAG-3,NPEALCBJ21,1,LAG-3,NB=NPEALCBJ21,1,1/2/1.2900,IBSE01.PUJ,1,13/0/3.2900,BM=IBSE01.PUJ,1,5/0/0.0,HGW21.BAT,1,3/1/7.0
00|HSBA_MXSTV-IPTV-CBJ_V1006|U|OPTICAL|2|IN=CBJ_V1006,,0.823,NPEALCBJ22,1,10/2/19.823,NN=NPEALCBJ22,1,LAG-3,NPEALCBJ21,1,LAG-3,NB=NPEALCBJ21,1,1/2/1.2900,IBSE01.PUJ,1,13/0/3.2900,BM=IBSE01.PUJ,1,6/0/0.0,HGW21.KLG,1,3/1/7.0
00|HSBA_MXSTV-IPTV-CBJ_V1007|U|OPTICAL|2|IN=CBJ_V1007,,0.823,NPEALCBJ22,1,9/2/4.823,NN=NPEALCBJ22,1,LAG-191,NPEALCBJ21,1,LAG-191,NB=NPEALCBJ21,1,1/2/1.2900,IBSE01.PUJ,1,13/0/3.2900,BM=IBSE01.PUJ,1,5/0/0.0,HGW21.BAT,1,3/1/7.0
00|HSBA_MXSTV-IPTV-CBJ_V1007|U|OPTICAL|2|IN=CBJ_V1007,,0.823,NPEALCBJ22,1,9/2/4.823,NN=NPEALCBJ22,1,LAG-191,NPEALCBJ21,1,LAG-191,NB=NPEALCBJ21,1,1/2/1.2900,IBSE01.PUJ,1,13/0/3.2900,BM=IBSE01.PUJ,1,6/0/0.0,HGW21.KLG,1,3/1/7.0
00|HSBA_MXSTV-IPTV-CBJ_V1007|U|OPTICAL|2|IN=CBJ_V1007,,0.823,NPEALCBJ22,1,9/2/4.823,NN=NPEALCBJ22,1,LAG-3,NPEALCBJ21,1,LAG-3,NB=NPEALCBJ21,1,1/2/1.2900,IBSE01.PUJ,1,13/0/3.2900,BM=IBSE01.PUJ,1,5/0/0.0,HGW21.BAT,1,3/1/7.0
00|HSBA_MXSTV-IPTV-CBJ_V1007|U|OPTICAL|2|IN=CBJ_V1007,,0.823,NPEALCBJ22,1,9/2/4.823,NN=NPEALCBJ22,1,LAG-3,NPEALCBJ21,1,LAG-3,NB=NPEALCBJ21,1,1/2/1.2900,IBSE01.PUJ,1,13/0/3.2900,BM=IBSE01.PUJ,1,6/0/0.0,HGW21.KLG,1,3/1/7.0
00|HSBA_MXSTV-IPTV-CBJ_V1008|U|OPTICAL|2|IN=CBJ_V1008,,0.823,NPEALCBJ22,1,9/2/6.823,NN=NPEALCBJ22,1,LAG-191,NPEALCBJ21,1,LAG-191,NB=NPEALCBJ21,1,1/2/1.2900,IBSE01.PUJ,1,13/0/3.2900,BM=IBSE01.PUJ,1,5/0/0.0,HGW21.BAT,1,3/1/7.0
00|HSBA_MXSTV-IPTV-CBJ_V1008|U|OPTICAL|2|IN=CBJ_V1008,,0.823,NPEALCBJ22,1,9/2/6.823,NN=NPEALCBJ22,1,LAG-191,NPEALCBJ21,1,LAG-191,NB=NPEALCBJ21,1,1/2/1.2900,IBSE01.PUJ,1,13/0/3.2900,BM=IBSE01.PUJ,1,6/0/0.0,HGW21.KLG,1,3/1/7.0
00|HSBA_MXSTV-IPTV-CBJ_V1008|U|OPTICAL|2|IN=CBJ_V1008,,0.823,NPEALCBJ22,1,9/2/6.823,NN=NPEALCBJ22,1,LAG-3,NPEALCBJ21,1,LAG-3,NB=NPEALCBJ21,1,1/2/1.2900,IBSE01.PUJ,1,13/0/3.2900,BM=IBSE01.PUJ,1,5/0/0.0,HGW21.BAT,1,3/1/7.0
00|HSBA_MXSTV-IPTV-CBJ_V1008|U|OPTICAL|2|IN=CBJ_V1008,,0.823,NPEALCBJ22,1,9/2/6.823,NN=NPEALCBJ22,1,LAG-3,NPEALCBJ21,1,LAG-3,NB=NPEALCBJ21,1,1/2/1.2900,IBSE01.PUJ,1,13/0/3.2900,BM=IBSE01.PUJ,1,6/0/0.0,HGW21.KLG,1,3/1/7.0
00|HSBA_MXSTV-IPTV-CBJ_V1011|U|OPTICAL|2|IN=CBJ_V1011,,0.823,NPEALCBJ22,1,10/2/13.823,NN=NPEALCBJ22,1,LAG-191,NPEALCBJ21,1,LAG-191,NB=NPEALCBJ21,1,1/2/1.2900,IBSE01.PUJ,1,13/0/3.2900,BM=IBSE01.PUJ,1,5/0/0.0,HGW21.BAT,1,3/1/7.0
00|HSBA_MXSTV-IPTV-CBJ_V1011|U|OPTICAL|2|IN=CBJ_V1011,,0.823,NPEALCBJ22,1,10/2/13.823,NN=NPEALCBJ22,1,LAG-191,NPEALCBJ21,1,LAG-191,NB=NPEALCBJ21,1,1/2/1.2900,IBSE01.PUJ,1,13/0/3.2900,BM=IBSE01.PUJ,1,6/0/0.0,HGW21.KLG,1,3/1/7.0
00|HSBA_MXSTV-IPTV-CBJ_V1011|U|OPTICAL|2|IN=CBJ_V1011,,0.823,NPEALCBJ22,1,10/2/13.823,NN=NPEALCBJ22,1,LAG-3,NPEALCBJ21,1,LAG-3,NB=NPEALCBJ21,1,1/2/1.2900,IBSE01.PUJ,1,13/0/3.2900,BM=IBSE01.PUJ,1,5/0/0.0,HGW21.BAT,1,3/1/7.0
00|HSBA_MXSTV-IPTV-CBJ_V1011|U|OPTICAL|2|IN=CBJ_V1011,,0.823,NPEALCBJ22,1,10/2/13.823,NN=NPEALCBJ22,1,LAG-3,NPEALCBJ21,1,LAG-3,NB=NPEALCBJ21,1,1/2/1.2900,IBSE01.PUJ,1,13/0/3.2900,BM=IBSE01.PUJ,1,6/0/0.0,HGW21.KLG,1,3/1/7.0
00|HSBA_MXSTV-IPTV-CBJ_V1017|U|OPTICAL|2|IN=CBJ_V1017,0,0/19/0.823,NPEALCBJ22,1,10/2/8.823,NN=NPEALCBJ22,1,LAG-191,NPEALCBJ21,1,LAG-191,NB=NPEALCBJ21,1,1/2/1.2900,IBSE01.PUJ,1,13/0/3.2900,BM=IBSE01.PUJ,1,5/0/0.0,HGW21.BAT,1,3/1/7.0
00|HSBA_MXSTV-IPTV-CBJ_V1017|U|OPTICAL|2|IN=CBJ_V1017,0,0/19/0.823,NPEALCBJ22,1,10/2/8.823,NN=NPEALCBJ22,1,LAG-191,NPEALCBJ21,1,LAG-191,NB=NPEALCBJ21,1,1/2/1.2900,IBSE01.PUJ,1,13/0/3.2900,BM=IBSE01.PUJ,1,6/0/0.0,HGW21.KLG,1,3/1/7.0
00|HSBA_MXSTV-IPTV-CBJ_V1017|U|OPTICAL|2|IN=CBJ_V1017,0,0/19/0.823,NPEALCBJ22,1,10/2/8.823,NN=NPEALCBJ22,1,LAG-3,NPEALCBJ21,1,LAG-3,NB=NPEALCBJ21,1,1/2/1.2900,IBSE01.PUJ,1,13/0/3.2900,BM=IBSE01.PUJ,1,5/0/0.0,HGW21.BAT,1,3/1/7.0
00|HSBA_MXSTV-IPTV-CBJ_V1017|U|OPTICAL|2|IN=CBJ_V1017,0,0/19/0.823,NPEALCBJ22,1,10/2/8.823,NN=NPEALCBJ22,1,LAG-3,NPEALCBJ21,1,LAG-3,NB=NPEALCBJ21,1,1/2/1.2900,IBSE01.PUJ,1,13/0/3.2900,BM=IBSE01.PUJ,1,6/0/0.0,HGW21.KLG,1,3/1/7.0
00|HSBA_MXSTV-IPTV-CBJ_V1018|U|OPTICAL|2|IN=CBJ_V1018,0,0/19/0.823,NPEALCBJ22,1,9/2/13.823,NN=NPEALCBJ22,1,LAG-191,NPEALCBJ21,1,LAG-191,NB=NPEALCBJ21,1,1/2/1.2900,IBSE01.PUJ,1,13/0/3.2900,BM=IBSE01.PUJ,1,5/0/0.0,HGW21.BAT,1,3/1/7.0
00|HSBA_MXSTV-IPTV-CBJ_V1018|U|OPTICAL|2|IN=CBJ_V1018,0,0/19/0.823,NPEALCBJ22,1,9/2/13.823,NN=NPEALCBJ22,1,LAG-191,NPEALCBJ21,1,LAG-191,NB=NPEALCBJ21,1,1/2/1.2900,IBSE01.PUJ,1,13/0/3.2900,BM=IBSE01.PUJ,1,6/0/0.0,HGW21.KLG,1,3/1/7.0
00|HSBA_MXSTV-IPTV-CBJ_V1018|U|OPTICAL|2|IN=CBJ_V1018,0,0/19/0.823,NPEALCBJ22,1,9/2/13.823,NN=NPEALCBJ22,1,LAG-3,NPEALCBJ21,1,LAG-3,NB=NPEALCBJ21,1,1/2/1.2900,IBSE01.PUJ,1,13/0/3.2900,BM=IBSE01.PUJ,1,5/0/0.0,HGW21.BAT,1,3/1/7.0
00|HSBA_MXSTV-IPTV-CBJ_V1018|U|OPTICAL|2|IN=CBJ_V1018,0,0/19/0.823,NPEALCBJ22,1,9/2/13.823,NN=NPEALCBJ22,1,LAG-3,NPEALCBJ21,1,LAG-3,NB=NPEALCBJ21,1,1/2/1.2900,IBSE01.PUJ,1,13/0/3.2900,BM=IBSE01.PUJ,1,6/0/0.0,HGW21.KLG,1,3/1/7.0
00|HSBA_MXSTV-IPTV-PUJ_G002|U|OPTICAL|2|ON=PUJ_G002,1,NTA/5.823,NPEALPUJ22,1,4/1/7.823,NN=NPEALPUJ22,1,LAG-191,NPEALPUJ21,1,LAG-191,NB=NPEALPUJ21,1,1/2/1.2900,IBSE01.PUJ,1,14/0/1.2900,BM=IBSE01.PUJ,1,5/0/0.0,HGW21.BAT,1,3/1/7.0
00|HSBA_MXSTV-IPTV-PUJ_G002|U|OPTICAL|2|ON=PUJ_G002,1,NTA/5.823,NPEALPUJ22,1,4/1/7.823,NN=NPEALPUJ22,1,LAG-191,NPEALPUJ21,1,LAG-191,NB=NPEALPUJ21,1,1/2/1.2900,IBSE01.PUJ,1,14/0/1.2900,BM=IBSE01.PUJ,1,6/0/0.0,HGW21.KLG,1,3/1/7.0
00|HSBA_MXSTV-IPTV-PUJ_G003|U|OPTICAL|2|ON=PUJ_G003,1,NTA/1.823,NPEALPUJ22,1,9/1/1.823,NN=NPEALPUJ22,1,LAG-191,NPEALPUJ21,1,LAG-191,NB=NPEALPUJ21,1,1/2/1.2900,IBSE01.PUJ,1,14/0/1.2900,BM=IBSE01.PUJ,1,5/0/0.0,HGW21.BAT,1,3/1/7.0
00|HSBA_MXSTV-IPTV-PUJ_G003|U|OPTICAL|2|ON=PUJ_G003,1,NTA/1.823,NPEALPUJ22,1,9/1/1.823,NN=NPEALPUJ22,1,LAG-191,NPEALPUJ21,1,LAG-191,NB=NPEALPUJ21,1,1/2/1.2900,IBSE01.PUJ,1,14/0/1.2900,BM=IBSE01.PUJ,1,6/0/0.0,HGW21.KLG,1,3/1/7.0
00|HSBA_MXSTV-IPTV-PUJ_G005|U|OPTICAL|2|ON=PUJ_G005,1,NTA/1.823,NPEALPUJ22,1,10/1/1.823,NN=NPEALPUJ22,1,LAG-191,NPEALPUJ21,1,LAG-191,NB=NPEALPUJ21,1,1/2/1.2900,IBSE01.PUJ,1,14/0/1.2900,BM=IBSE01.PUJ,1,5/0/0.0,HGW21.BAT,1,3/1/7.0
00|HSBA_MXSTV-IPTV-PUJ_G005|U|OPTICAL|2|ON=PUJ_G005,1,NTA/1.823,NPEALPUJ22,1,10/1/1.823,NN=NPEALPUJ22,1,LAG-191,NPEALPUJ21,1,LAG-191,NB=NPEALPUJ21,1,1/2/1.2900,IBSE01.PUJ,1,14/0/1.2900,BM=IBSE01.PUJ,1,6/0/0.0,HGW21.KLG,1,3/1/7.0
00|HSBA_MXSTV-IPTV-PUJ_G006|U|OPTICAL|2|ON=PUJ_G006,1,NTA/1.823,NPEALPUJ22,1,8/1/1.823,NN=NPEALPUJ22,1,LAG-191,NPEALPUJ21,1,LAG-191,NB=NPEALPUJ21,1,1/2/1.2900,IBSE01.PUJ,1,14/0/1.2900,BM=IBSE01.PUJ,1,5/0/0.0,HGW21.BAT,1,3/1/7.0
00|HSBA_MXSTV-IPTV-PUJ_G006|U|OPTICAL|2|ON=PUJ_G006,1,NTA/1.823,NPEALPUJ22,1,8/1/1.823,NN=NPEALPUJ22,1,LAG-191,NPEALPUJ21,1,LAG-191,NB=NPEALPUJ21,1,1/2/1.2900,IBSE01.PUJ,1,14/0/1.2900,BM=IBSE01.PUJ,1,6/0/0.0,HGW21.KLG,1,3/1/7.0
00|HSBA_MXSTV-IPTV-PUJ_G007|U|OPTICAL|2|ON=PUJ_G007,1,NTA/5.823,NPEALPUJ22,1,7/1/1.823,NN=NPEALPUJ22,1,LAG-191,NPEALPUJ21,1,LAG-191,NB=NPEALPUJ21,1,1/2/1.2900,IBSE01.PUJ,1,14/0/1.2900,BM=IBSE01.PUJ,1,5/0/0.0,HGW21.BAT,1,3/1/7.0
00|HSBA_MXSTV-IPTV-PUJ_G007|U|OPTICAL|2|ON=PUJ_G007,1,NTA/5.823,NPEALPUJ22,1,7/1/1.823,NN=NPEALPUJ22,1,LAG-191,NPEALPUJ21,1,LAG-191,NB=NPEALPUJ21,1,1/2/1.2900,IBSE01.PUJ,1,14/0/1.2900,BM=IBSE01.PUJ,1,6/0/0.0,HGW21.KLG,1,3/1/7.0
00|HSBA_MXSTV-IPTV-PUJ_G010|U|OPTICAL|2|ON=PUJ_G010,1,NTA/6.823,NPEALPUJ22,1,1/1/2.823,NN=NPEALPUJ22,1,LAG-191,NPEALPUJ21,1,LAG-191,NB=NPEALPUJ21,1,1/2/1.2900,IBSE01.PUJ,1,14/0/1.2900,BM=IBSE01.PUJ,1,5/0/0.0,HGW21.BAT,1,3/1/7.0
00|HSBA_MXSTV-IPTV-PUJ_G010|U|OPTICAL|2|ON=PUJ_G010,1,NTA/6.823,NPEALPUJ22,1,1/1/2.823,NN=NPEALPUJ22,1,LAG-191,NPEALPUJ21,1,LAG-191,NB=NPEALPUJ21,1,1/2/1.2900,IBSE01.PUJ,1,14/0/1.2900,BM=IBSE01.PUJ,1,6/0/0.0,HGW21.KLG,1,3/1/7.0
00|HSBA_MXSTV-IPTV-PUJ_G911|U|OPTICAL|2|ON=PUJ_G911,1,NTA/6.823,NPEALPUJ22,1,1/2/2.823,NN=NPEALPUJ22,1,LAG-191,NPEALPUJ21,1,LAG-191,NB=NPEALPUJ21,1,1/2/1.2900,IBSE01.PUJ,1,14/0/1.2900,BM=IBSE01.PUJ,1,5/0/0.0,HGW21.BAT,1,3/1/7.0
00|HSBA_MXSTV-IPTV-PUJ_G911|U|OPTICAL|2|ON=PUJ_G911,1,NTA/6.823,NPEALPUJ22,1,1/2/2.823,NN=NPEALPUJ22,1,LAG-191,NPEALPUJ21,1,LAG-191,NB=NPEALPUJ21,1,1/2/1.2900,IBSE01.PUJ,1,14/0/1.2900,BM=IBSE01.PUJ,1,6/0/0.0,HGW21.KLG,1,3/1/7.0
00|HSBA_MXSTV-IPTV-PUJ_V1001|U|OPTICAL|2|IN=PUJ_V1001,,0.823,NPEALPUJ22,1,3/2/1.823,NN=NPEALPUJ22,1,LAG-191,NPEALPUJ21,1,LAG-191,NB=NPEALPUJ21,1,1/2/1.2900,IBSE01.PUJ,1,14/0/1.2900,BM=IBSE01.PUJ,1,5/0/0.0,HGW21.BAT,1,3/1/7.0
00|HSBA_MXSTV-IPTV-PUJ_V1001|U|OPTICAL|2|IN=PUJ_V1001,,0.823,NPEALPUJ22,1,3/2/1.823,NN=NPEALPUJ22,1,LAG-191,NPEALPUJ21,1,LAG-191,NB=NPEALPUJ21,1,1/2/1.2900,IBSE01.PUJ,1,14/0/1.2900,BM=IBSE01.PUJ,1,6/0/0.0,HGW21.KLG,1,3/1/7.0
00|HSBA_MXSTV-IPTV-PUJ_V1003|U|OPTICAL|2|IN=PUJ_V1003,,0.823,NPEALPUJ22,1,3/2/3.823,NN=NPEALPUJ22,1,LAG-191,NPEALPUJ21,1,LAG-191,NB=NPEALPUJ21,1,1/2/1.2900,IBSE01.PUJ,1,14/0/1.2900,BM=IBSE01.PUJ,1,5/0/0.0,HGW21.BAT,1,3/1/7.0
00|HSBA_MXSTV-IPTV-PUJ_V1003|U|OPTICAL|2|IN=PUJ_V1003,,0.823,NPEALPUJ22,1,3/2/3.823,NN=NPEALPUJ22,1,LAG-191,NPEALPUJ21,1,LAG-191,NB=NPEALPUJ21,1,1/2/1.2900,IBSE01.PUJ,1,14/0/1.2900,BM=IBSE01.PUJ,1,6/0/0.0,HGW21.KLG,1,3/1/7.0
00|HSBA_MXSTV-IPTV-PUJ_V1004|U|OPTICAL|2|IN=PUJ_V1004,,0.823,NPEALPUJ22,1,3/2/4.823,NN=NPEALPUJ22,1,LAG-191,NPEALPUJ21,1,LAG-191,NB=NPEALPUJ21,1,1/2/1.2900,IBSE01.PUJ,1,14/0/1.2900,BM=IBSE01.PUJ,1,5/0/0.0,HGW21.BAT,1,3/1/7.0
00|HSBA_MXSTV-IPTV-PUJ_V1004|U|OPTICAL|2|IN=PUJ_V1004,,0.823,NPEALPUJ22,1,3/2/4.823,NN=NPEALPUJ22,1,LAG-191,NPEALPUJ21,1,LAG-191,NB=NPEALPUJ21,1,1/2/1.2900,IBSE01.PUJ,1,14/0/1.2900,BM=IBSE01.PUJ,1,6/0/0.0,HGW21.KLG,1,3/1/7.0
00|HSBA_MXSTV-IPTV-PUJ_V1005|U|OPTICAL|2|IN=PUJ_V1005,1,1/8/1.823,NPEALPUJ22,1,6/1/4.823,NN=NPEALPUJ22,1,LAG-191,NPEALPUJ21,1,LAG-191,NB=NPEALPUJ21,1,1/2/1.2900,IBSE01.PUJ,1,14/0/1.2900,BM=IBSE01.PUJ,1,5/0/0.0,HGW21.BAT,1,3/1/7.0
00|HSBA_MXSTV-IPTV-PUJ_V1005|U|OPTICAL|2|IN=PUJ_V1005,1,1/8/1.823,NPEALPUJ22,1,6/1/4.823,NN=NPEALPUJ22,1,LAG-191,NPEALPUJ21,1,LAG-191,NB=NPEALPUJ21,1,1/2/1.2900,IBSE01.PUJ,1,14/0/1.2900,BM=IBSE01.PUJ,1,6/0/0.0,HGW21.KLG,1,3/1/7.0
00|HSBA_MXSTV-IPTV-PUJ_V1007|U|OPTICAL|2|IN=PUJ_V1007,,0.823,NPEALPUJ22,1,6/1/6.823,NN=NPEALPUJ22,1,LAG-191,NPEALPUJ21,1,LAG-191,NB=NPEALPUJ21,1,1/2/1.2900,IBSE01.PUJ,1,14/0/1.2900,BM=IBSE01.PUJ,1,5/0/0.0,HGW21.BAT,1,3/1/7.0
00|HSBA_MXSTV-IPTV-PUJ_V1007|U|OPTICAL|2|IN=PUJ_V1007,,0.823,NPEALPUJ22,1,6/1/6.823,NN=NPEALPUJ22,1,LAG-191,NPEALPUJ21,1,LAG-191,NB=NPEALPUJ21,1,1/2/1.2900,IBSE01.PUJ,1,14/0/1.2900,BM=IBSE01.PUJ,1,6/0/0.0,HGW21.KLG,1,3/1/7.0
00|HSBA_MXSTV-IPTV-PUJ_V1008|U|OPTICAL|2|IN=PUJ_V1008,,0.823,NPEALPUJ22,1,6/1/7.823,NN=NPEALPUJ22,1,LAG-191,NPEALPUJ21,1,LAG-191,NB=NPEALPUJ21,1,1/2/1.2900,IBSE01.PUJ,1,14/0/1.2900,BM=IBSE01.PUJ,1,5/0/0.0,HGW21.BAT,1,3/1/7.0
00|HSBA_MXSTV-IPTV-PUJ_V1008|U|OPTICAL|2|IN=PUJ_V1008,,0.823,NPEALPUJ22,1,6/1/7.823,NN=NPEALPUJ22,1,LAG-191,NPEALPUJ21,1,LAG-191,NB=NPEALPUJ21,1,1/2/1.2900,IBSE01.PUJ,1,14/0/1.2900,BM=IBSE01.PUJ,1,6/0/0.0,HGW21.KLG,1,3/1/7.0
00|HSBA_MXSTV-IPTV-PUJ_V1009|U|OPTICAL|2|IN=PUJ_V1009,,0.823,NPEALPUJ22,1,6/1/9.823,NN=NPEALPUJ22,1,LAG-191,NPEALPUJ21,1,LAG-191,NB=NPEALPUJ21,1,1/2/1.2900,IBSE01.PUJ,1,14/0/1.2900,BM=IBSE01.PUJ,1,5/0/0.0,HGW21.BAT,1,3/1/7.0
00|HSBA_MXSTV-IPTV-PUJ_V1009|U|OPTICAL|2|IN=PUJ_V1009,,0.823,NPEALPUJ22,1,6/1/9.823,NN=NPEALPUJ22,1,LAG-191,NPEALPUJ21,1,LAG-191,NB=NPEALPUJ21,1,1/2/1.2900,IBSE01.PUJ,1,14/0/1.2900,BM=IBSE01.PUJ,1,6/0/0.0,HGW21.KLG,1,3/1/7.0
00|HSBA_MXSTV-IPTV-PUJ_V1010|U|OPTICAL|2|IN=PUJ_V1010,,0.823,NPEALPUJ22,1,6/1/11.823,NN=NPEALPUJ22,1,LAG-191,NPEALPUJ21,1,LAG-191,NB=NPEALPUJ21,1,1/2/1.2900,IBSE01.PUJ,1,14/0/1.2900,BM=IBSE01.PUJ,1,5/0/0.0,HGW21.BAT,1,3/1/7.0
00|HSBA_MXSTV-IPTV-PUJ_V1010|U|OPTICAL|2|IN=PUJ_V1010,,0.823,NPEALPUJ22,1,6/1/11.823,NN=NPEALPUJ22,1,LAG-191,NPEALPUJ21,1,LAG-191,NB=NPEALPUJ21,1,1/2/1.2900,IBSE01.PUJ,1,14/0/1.2900,BM=IBSE01.PUJ,1,6/0/0.0,HGW21.KLG,1,3/1/7.0
00|HSBA_MXSTV-IPTV-PUJ_V1011|U|OPTICAL|2|IN=PUJ_V1011,1,1/8/1.823,NPEALPUJ22,1,6/1/12.823,NN=NPEALPUJ22,1,LAG-191,NPEALPUJ21,1,LAG-191,NB=NPEALPUJ21,1,1/2/1.2900,IBSE01.PUJ,1,14/0/1.2900,BM=IBSE01.PUJ,1,5/0/0.0,HGW21.BAT,1,3/1/7.0
00|HSBA_MXSTV-IPTV-PUJ_V1011|U|OPTICAL|2|IN=PUJ_V1011,1,1/8/1.823,NPEALPUJ22,1,6/1/12.823,NN=NPEALPUJ22,1,LAG-191,NPEALPUJ21,1,LAG-191,NB=NPEALPUJ21,1,1/2/1.2900,IBSE01.PUJ,1,14/0/1.2900,BM=IBSE01.PUJ,1,6/0/0.0,HGW21.KLG,1,3/1/7.0
00|HSBA_MXSTV-IPTV-PUJ_V1012|U|OPTICAL|2|IN=PUJ_V1012,,0.823,NPEALPUJ22,1,6/1/14.823,NN=NPEALPUJ22,1,LAG-191,NPEALPUJ21,1,LAG-191,NB=NPEALPUJ21,1,1/2/1.2900,IBSE01.PUJ,1,14/0/1.2900,BM=IBSE01.PUJ,1,5/0/0.0,HGW21.BAT,1,3/1/7.0
00|HSBA_MXSTV-IPTV-PUJ_V1012|U|OPTICAL|2|IN=PUJ_V1012,,0.823,NPEALPUJ22,1,6/1/14.823,NN=NPEALPUJ22,1,LAG-191,NPEALPUJ21,1,LAG-191,NB=NPEALPUJ21,1,1/2/1.2900,IBSE01.PUJ,1,14/0/1.2900,BM=IBSE01.PUJ,1,6/0/0.0,HGW21.KLG,1,3/1/7.0
00|HSBA_MXSTV-IPTV-PUJ_V1013|U|OPTICAL|2|IN=PUJ_V1013,,0.823,NPEALPUJ22,1,6/1/15.823,NN=NPEALPUJ22,1,LAG-191,NPEALPUJ21,1,LAG-191,NB=NPEALPUJ21,1,1/2/1.2900,IBSE01.PUJ,1,14/0/1.2900,BM=IBSE01.PUJ,1,5/0/0.0,HGW21.BAT,1,3/1/7.0
00|HSBA_MXSTV-IPTV-PUJ_V1013|U|OPTICAL|2|IN=PUJ_V1013,,0.823,NPEALPUJ22,1,6/1/15.823,NN=NPEALPUJ22,1,LAG-191,NPEALPUJ21,1,LAG-191,NB=NPEALPUJ21,1,1/2/1.2900,IBSE01.PUJ,1,14/0/1.2900,BM=IBSE01.PUJ,1,6/0/0.0,HGW21.KLG,1,3/1/7.0
00|HSBA_MXSTV-IPTV-PUJ_V1014|U|OPTICAL|2|IN=PUJ_V1014,,0.823,NPEALPUJ22,1,6/1/16.823,NN=NPEALPUJ22,1,LAG-191,NPEALPUJ21,1,LAG-191,NB=NPEALPUJ21,1,1/2/1.2900,IBSE01.PUJ,1,14/0/1.2900,BM=IBSE01.PUJ,1,5/0/0.0,HGW21.BAT,1,3/1/7.0
00|HSBA_MXSTV-IPTV-PUJ_V1014|U|OPTICAL|2|IN=PUJ_V1014,,0.823,NPEALPUJ22,1,6/1/16.823,NN=NPEALPUJ22,1,LAG-191,NPEALPUJ21,1,LAG-191,NB=NPEALPUJ21,1,1/2/1.2900,IBSE01.PUJ,1,14/0/1.2900,BM=IBSE01.PUJ,1,6/0/0.0,HGW21.KLG,1,3/1/7.0
00|HSBA_MXSTV-IPTV-PUJ_V1015|U|OPTICAL|2|IN=PUJ_V1015,,0.823,NPEALPUJ22,1,6/1/18.823,NN=NPEALPUJ22,1,LAG-191,NPEALPUJ21,1,LAG-191,NB=NPEALPUJ21,1,1/2/1.2900,IBSE01.PUJ,1,14/0/1.2900,BM=IBSE01.PUJ,1,5/0/0.0,HGW21.BAT,1,3/1/7.0
00|HSBA_MXSTV-IPTV-PUJ_V1015|U|OPTICAL|2|IN=PUJ_V1015,,0.823,NPEALPUJ22,1,6/1/18.823,NN=NPEALPUJ22,1,LAG-191,NPEALPUJ21,1,LAG-191,NB=NPEALPUJ21,1,1/2/1.2900,IBSE01.PUJ,1,14/0/1.2900,BM=IBSE01.PUJ,1,6/0/0.0,HGW21.KLG,1,3/1/7.0
00|HSBA_MXSTV-IPTV-PUJ_V1016|U|OPTICAL|2|IN=PUJ_V1016,,0.823,NPEALPUJ22,1,6/1/19.823,NN=NPEALPUJ22,1,LAG-191,NPEALPUJ21,1,LAG-191,NB=NPEALPUJ21,1,1/2/1.2900,IBSE01.PUJ,1,14/0/1.2900,BM=IBSE01.PUJ,1,5/0/0.0,HGW21.BAT,1,3/1/7.0
00|HSBA_MXSTV-IPTV-PUJ_V1016|U|OPTICAL|2|IN=PUJ_V1016,,0.823,NPEALPUJ22,1,6/1/19.823,NN=NPEALPUJ22,1,LAG-191,NPEALPUJ21,1,LAG-191,NB=NPEALPUJ21,1,1/2/1.2900,IBSE01.PUJ,1,14/0/1.2900,BM=IBSE01.PUJ,1,6/0/0.0,HGW21.KLG,1,3/1/7.0
00|HSBA_MXSTV-IPTV-PUJ_V1017|U|OPTICAL|2|IN=PUJ_V1017,1,1/9/3.823,NPEALPUJ22,1,7/2/1.823,NN=NPEALPUJ22,1,LAG-191,NPEALPUJ21,1,LAG-191,NB=NPEALPUJ21,1,1/2/1.2900,IBSE01.PUJ,1,14/0/1.2900,BM=IBSE01.PUJ,1,5/0/0.0,HGW21.BAT,1,3/1/7.0
00|HSBA_MXSTV-IPTV-PUJ_V1017|U|OPTICAL|2|IN=PUJ_V1017,1,1/9/3.823,NPEALPUJ22,1,7/2/1.823,NN=NPEALPUJ22,1,LAG-191,NPEALPUJ21,1,LAG-191,NB=NPEALPUJ21,1,1/2/1.2900,IBSE01.PUJ,1,14/0/1.2900,BM=IBSE01.PUJ,1,6/0/0.0,HGW21.KLG,1,3/1/7.0
00|HSBA_MXSTV-IPTV-PUJ_V1018|U|OPTICAL|2|IN=PUJ_V1018,,0.823,NPEALPUJ22,1,8/2/2.823,NN=NPEALPUJ22,1,LAG-191,NPEALPUJ21,1,LAG-191,NB=NPEALPUJ21,1,1/2/1.2900,IBSE01.PUJ,1,14/0/1.2900,BM=IBSE01.PUJ,1,5/0/0.0,HGW21.BAT,1,3/1/7.0
00|HSBA_MXSTV-IPTV-PUJ_V1018|U|OPTICAL|2|IN=PUJ_V1018,,0.823,NPEALPUJ22,1,8/2/2.823,NN=NPEALPUJ22,1,LAG-191,NPEALPUJ21,1,LAG-191,NB=NPEALPUJ21,1,1/2/1.2900,IBSE01.PUJ,1,14/0/1.2900,BM=IBSE01.PUJ,1,6/0/0.0,HGW21.KLG,1,3/1/7.0
00|HSBA_MXSTV-IPTV-PUJ_V1018|U|OPTICAL|2|IN=PUJ_V1018,1,1/9/3.823,NPEALPUJ22,1,7/2/2.823,NN=NPEALPUJ22,1,LAG-191,NPEALPUJ21,1,LAG-191,NB=NPEALPUJ21,1,1/2/1.2900,IBSE01.PUJ,1,14/0/1.2900,BM=IBSE01.PUJ,1,5/0/0.0,HGW21.BAT,1,3/1/7.0
00|HSBA_MXSTV-IPTV-PUJ_V1018|U|OPTICAL|2|IN=PUJ_V1018,1,1/9/3.823,NPEALPUJ22,1,7/2/2.823,NN=NPEALPUJ22,1,LAG-191,NPEALPUJ21,1,LAG-191,NB=NPEALPUJ21,1,1/2/1.2900,IBSE01.PUJ,1,14/0/1.2900,BM=IBSE01.PUJ,1,6/0/0.0,HGW21.KLG,1,3/1/7.0
00|HSBA_MXSTV-IPTV-PUJ_V1019|U|OPTICAL|2|IN=PUJ_V1019,,0.823,NPEALPUJ22,1,8/2/3.823,NN=NPEALPUJ22,1,LAG-191,NPEALPUJ21,1,LAG-191,NB=NPEALPUJ21,1,1/2/1.2900,IBSE01.PUJ,1,14/0/1.2900,BM=IBSE01.PUJ,1,5/0/0.0,HGW21.BAT,1,3/1/7.0
00|HSBA_MXSTV-IPTV-PUJ_V1019|U|OPTICAL|2|IN=PUJ_V1019,,0.823,NPEALPUJ22,1,8/2/3.823,NN=NPEALPUJ22,1,LAG-191,NPEALPUJ21,1,LAG-191,NB=NPEALPUJ21,1,1/2/1.2900,IBSE01.PUJ,1,14/0/1.2900,BM=IBSE01.PUJ,1,6/0/0.0,HGW21.KLG,1,3/1/7.0
00|HSBA_MXSTV-IPTV-PUJ_V1019|U|OPTICAL|2|IN=PUJ_V1019,1,1/9/3.823,NPEALPUJ22,1,7/2/3.823,NN=NPEALPUJ22,1,LAG-191,NPEALPUJ21,1,LAG-191,NB=NPEALPUJ21,1,1/2/1.2900,IBSE01.PUJ,1,14/0/1.2900,BM=IBSE01.PUJ,1,5/0/0.0,HGW21.BAT,1,3/1/7.0
00|HSBA_MXSTV-IPTV-PUJ_V1019|U|OPTICAL|2|IN=PUJ_V1019,1,1/9/3.823,NPEALPUJ22,1,7/2/3.823,NN=NPEALPUJ22,1,LAG-191,NPEALPUJ21,1,LAG-191,NB=NPEALPUJ21,1,1/2/1.2900,IBSE01.PUJ,1,14/0/1.2900,BM=IBSE01.PUJ,1,6/0/0.0,HGW21.KLG,1,3/1/7.0
00|HSBA_MXSTV-IPTV-PUJ_V1020|U|OPTICAL|2|IN=PUJ_V1020,1,1/8/1.823,NPEALPUJ22,1,6/2/13.823,NN=NPEALPUJ22,1,LAG-191,NPEALPUJ21,1,LAG-191,NB=NPEALPUJ21,1,1/2/1.2900,IBSE01.PUJ,1,14/0/1.2900,BM=IBSE01.PUJ,1,5/0/0.0,HGW21.BAT,1,3/1/7.0
00|HSBA_MXSTV-IPTV-PUJ_V1020|U|OPTICAL|2|IN=PUJ_V1020,1,1/8/1.823,NPEALPUJ22,1,6/2/13.823,NN=NPEALPUJ22,1,LAG-191,NPEALPUJ21,1,LAG-191,NB=NPEALPUJ21,1,1/2/1.2900,IBSE01.PUJ,1,14/0/1.2900,BM=IBSE01.PUJ,1,6/0/0.0,HGW21.KLG,1,3/1/7.0
00|HSBA_MXSTV-IPTV-PUJ_V1021|U|OPTICAL|2|IN=PUJ_V1021,1,1/8/1.823,NPEALPUJ22,1,6/2/14.823,NN=NPEALPUJ22,1,LAG-191,NPEALPUJ21,1,LAG-191,NB=NPEALPUJ21,1,1/2/1.2900,IBSE01.PUJ,1,14/0/1.2900,BM=IBSE01.PUJ,1,5/0/0.0,HGW21.BAT,1,3/1/7.0
00|HSBA_MXSTV-IPTV-PUJ_V1021|U|OPTICAL|2|IN=PUJ_V1021,1,1/8/1.823,NPEALPUJ22,1,6/2/14.823,NN=NPEALPUJ22,1,LAG-191,NPEALPUJ21,1,LAG-191,NB=NPEALPUJ21,1,1/2/1.2900,IBSE01.PUJ,1,14/0/1.2900,BM=IBSE01.PUJ,1,6/0/0.0,HGW21.KLG,1,3/1/7.0
00|HSBA_MXSTV-IPTV-PUJ_V1022|U|OPTICAL|2|IN=PUJ_V1022,1,1/8/1.823,NPEALPUJ22,1,6/1/20.823,NN=NPEALPUJ22,1,LAG-191,NPEALPUJ21,1,LAG-191,NB=NPEALPUJ21,1,1/2/1.2900,IBSE01.PUJ,1,14/0/1.2900,BM=IBSE01.PUJ,1,5/0/0.0,HGW21.BAT,1,3/1/7.0
00|HSBA_MXSTV-IPTV-PUJ_V1022|U|OPTICAL|2|IN=PUJ_V1022,1,1/8/1.823,NPEALPUJ22,1,6/1/20.823,NN=NPEALPUJ22,1,LAG-191,NPEALPUJ21,1,LAG-191,NB=NPEALPUJ21,1,1/2/1.2900,IBSE01.PUJ,1,14/0/1.2900,BM=IBSE01.PUJ,1,6/0/0.0,HGW21.KLG,1,3/1/7.0
00|HSBA_MXSTV-IPTV-PUJ_V1024|U|OPTICAL|2|IN=PUJ_V1024,,0.823,NPEALPUJ22,1,5/2/15.823,NN=NPEALPUJ22,1,LAG-191,NPEALPUJ21,1,LAG-191,NB=NPEALPUJ21,1,1/2/1.2900,IBSE01.PUJ,1,14/0/1.2900,BM=IBSE01.PUJ,1,5/0/0.0,HGW21.BAT,1,3/1/7.0
00|HSBA_MXSTV-IPTV-PUJ_V1024|U|OPTICAL|2|IN=PUJ_V1024,,0.823,NPEALPUJ22,1,5/2/15.823,NN=NPEALPUJ22,1,LAG-191,NPEALPUJ21,1,LAG-191,NB=NPEALPUJ21,1,1/2/1.2900,IBSE01.PUJ,1,14/0/1.2900,BM=IBSE01.PUJ,1,6/0/0.0,HGW21.KLG,1,3/1/7.0
00|HSBA_MXSTV-IPTV-PUJ_V1025|U|OPTICAL|2|IN=PUJ_V1025,,0.823,NPEALPUJ22,1,5/2/13.823,NN=NPEALPUJ22,1,LAG-191,NPEALPUJ21,1,LAG-191,NB=NPEALPUJ21,1,1/2/1.2900,IBSE01.PUJ,1,14/0/1.2900,BM=IBSE01.PUJ,1,5/0/0.0,HGW21.BAT,1,3/1/7.0
00|HSBA_MXSTV-IPTV-PUJ_V1025|U|OPTICAL|2|IN=PUJ_V1025,,0.823,NPEALPUJ22,1,5/2/13.823,NN=NPEALPUJ22,1,LAG-191,NPEALPUJ21,1,LAG-191,NB=NPEALPUJ21,1,1/2/1.2900,IBSE01.PUJ,1,14/0/1.2900,BM=IBSE01.PUJ,1,6/0/0.0,HGW21.KLG,1,3/1/7.0
00|HSBA_MXSTV-IPTV-PUJ_V1026|U|OPTICAL|2|IN=PUJ_V1026,,0.823,NPEALPUJ22,1,5/1/20.823,NN=NPEALPUJ22,1,LAG-191,NPEALPUJ21,1,LAG-191,NB=NPEALPUJ21,1,1/2/1.2900,IBSE01.PUJ,1,14/0/1.2900,BM=IBSE01.PUJ,1,5/0/0.0,HGW21.BAT,1,3/1/7.0
00|HSBA_MXSTV-IPTV-PUJ_V1026|U|OPTICAL|2|IN=PUJ_V1026,,0.823,NPEALPUJ22,1,5/1/20.823,NN=NPEALPUJ22,1,LAG-191,NPEALPUJ21,1,LAG-191,NB=NPEALPUJ21,1,1/2/1.2900,IBSE01.PUJ,1,14/0/1.2900,BM=IBSE01.PUJ,1,6/0/0.0,HGW21.KLG,1,3/1/7.0
00|HSBA_MXSTV-IPTV-PUJ_V1027|U|OPTICAL|2|IN=PUJ_V1027,,0.823,NPEALPUJ22,1,5/1/19.823,NN=NPEALPUJ22,1,LAG-191,NPEALPUJ21,1,LAG-191,NB=NPEALPUJ21,1,1/2/1.2900,IBSE01.PUJ,1,14/0/1.2900,BM=IBSE01.PUJ,1,5/0/0.0,HGW21.BAT,1,3/1/7.0
00|HSBA_MXSTV-IPTV-PUJ_V1027|U|OPTICAL|2|IN=PUJ_V1027,,0.823,NPEALPUJ22,1,5/1/19.823,NN=NPEALPUJ22,1,LAG-191,NPEALPUJ21,1,LAG-191,NB=NPEALPUJ21,1,1/2/1.2900,IBSE01.PUJ,1,14/0/1.2900,BM=IBSE01.PUJ,1,6/0/0.0,HGW21.KLG,1,3/1/7.0
00|HSBA_MXSTV-IPTV-PUJ_V1028|U|OPTICAL|2|IN=PUJ_V1028,,0.823,NPEALPUJ22,1,5/1/18.823,NN=NPEALPUJ22,1,LAG-191,NPEALPUJ21,1,LAG-191,NB=NPEALPUJ21,1,1/2/1.2900,IBSE01.PUJ,1,14/0/1.2900,BM=IBSE01.PUJ,1,5/0/0.0,HGW21.BAT,1,3/1/7.0
00|HSBA_MXSTV-IPTV-PUJ_V1028|U|OPTICAL|2|IN=PUJ_V1028,,0.823,NPEALPUJ22,1,5/1/18.823,NN=NPEALPUJ22,1,LAG-191,NPEALPUJ21,1,LAG-191,NB=NPEALPUJ21,1,1/2/1.2900,IBSE01.PUJ,1,14/0/1.2900,BM=IBSE01.PUJ,1,6/0/0.0,HGW21.KLG,1,3/1/7.0
00|HSBA_MXSTV-IPTV-PUJ_V1029|U|OPTICAL|2|IN=PUJ_V1029,,0.823,NPEALPUJ22,1,5/1/17.823,NN=NPEALPUJ22,1,LAG-191,NPEALPUJ21,1,LAG-191,NB=NPEALPUJ21,1,1/2/1.2900,IBSE01.PUJ,1,14/0/1.2900,BM=IBSE01.PUJ,1,5/0/0.0,HGW21.BAT,1,3/1/7.0
00|HSBA_MXSTV-IPTV-PUJ_V1029|U|OPTICAL|2|IN=PUJ_V1029,,0.823,NPEALPUJ22,1,5/1/17.823,NN=NPEALPUJ22,1,LAG-191,NPEALPUJ21,1,LAG-191,NB=NPEALPUJ21,1,1/2/1.2900,IBSE01.PUJ,1,14/0/1.2900,BM=IBSE01.PUJ,1,6/0/0.0,HGW21.KLG,1,3/1/7.0
00|HSBA_MXSTV-IPTV-PUJ_V1030|U|OPTICAL|2|IN=PUJ_V1030,,0.823,NPEALPUJ22,1,5/1/16.823,NN=NPEALPUJ22,1,LAG-191,NPEALPUJ21,1,LAG-191,NB=NPEALPUJ21,1,1/2/1.2900,IBSE01.PUJ,1,14/0/1.2900,BM=IBSE01.PUJ,1,5/0/0.0,HGW21.BAT,1,3/1/7.0
00|HSBA_MXSTV-IPTV-PUJ_V1030|U|OPTICAL|2|IN=PUJ_V1030,,0.823,NPEALPUJ22,1,5/1/16.823,NN=NPEALPUJ22,1,LAG-191,NPEALPUJ21,1,LAG-191,NB=NPEALPUJ21,1,1/2/1.2900,IBSE01.PUJ,1,14/0/1.2900,BM=IBSE01.PUJ,1,6/0/0.0,HGW21.KLG,1,3/1/7.0
00|HSBA_MXSTV-IPTV-PUJ_V1031|U|OPTICAL|2|IN=PUJ_V1031,,0.823,NPEALPUJ22,1,5/1/15.823,NN=NPEALPUJ22,1,LAG-191,NPEALPUJ21,1,LAG-191,NB=NPEALPUJ21,1,1/2/1.2900,IBSE01.PUJ,1,14/0/1.2900,BM=IBSE01.PUJ,1,5/0/0.0,HGW21.BAT,1,3/1/7.0
00|HSBA_MXSTV-IPTV-PUJ_V1031|U|OPTICAL|2|IN=PUJ_V1031,,0.823,NPEALPUJ22,1,5/1/15.823,NN=NPEALPUJ22,1,LAG-191,NPEALPUJ21,1,LAG-191,NB=NPEALPUJ21,1,1/2/1.2900,IBSE01.PUJ,1,14/0/1.2900,BM=IBSE01.PUJ,1,6/0/0.0,HGW21.KLG,1,3/1/7.0
00|HSBA_MXSTV-IPTV-PUJ_V1032|U|OPTICAL|2|IN=PUJ_V1032,,0.823,NPEALPUJ22,1,5/1/14.823,NN=NPEALPUJ22,1,LAG-191,NPEALPUJ21,1,LAG-191,NB=NPEALPUJ21,1,1/2/1.2900,IBSE01.PUJ,1,14/0/1.2900,BM=IBSE01.PUJ,1,5/0/0.0,HGW21.BAT,1,3/1/7.0
00|HSBA_MXSTV-IPTV-PUJ_V1032|U|OPTICAL|2|IN=PUJ_V1032,,0.823,NPEALPUJ22,1,5/1/14.823,NN=NPEALPUJ22,1,LAG-191,NPEALPUJ21,1,LAG-191,NB=NPEALPUJ21,1,1/2/1.2900,IBSE01.PUJ,1,14/0/1.2900,BM=IBSE01.PUJ,1,6/0/0.0,HGW21.KLG,1,3/1/7.0
00|HSBA_MXSTV-IPTV-PUJ_V1036|U|OPTICAL|2|IN=PUJ_V1036,,0.823,NPEALPUJ22,1,10/2/4.823,NN=NPEALPUJ22,1,LAG-191,NPEALPUJ21,1,LAG-191,NB=NPEALPUJ21,1,1/2/1.2900,IBSE01.PUJ,1,14/0/1.2900,BM=IBSE01.PUJ,1,5/0/0.0,HGW21.BAT,1,3/1/7.0
00|HSBA_MXSTV-IPTV-PUJ_V1036|U|OPTICAL|2|IN=PUJ_V1036,,0.823,NPEALPUJ22,1,10/2/4.823,NN=NPEALPUJ22,1,LAG-191,NPEALPUJ21,1,LAG-191,NB=NPEALPUJ21,1,1/2/1.2900,IBSE01.PUJ,1,14/0/1.2900,BM=IBSE01.PUJ,1,6/0/0.0,HGW21.KLG,1,3/1/7.0
00|HSBA_MXSTV-IPTV-PUJ_V1036|U|OPTICAL|2|IN=PUJ_V1036,1,1/9/3.823,NPEALPUJ22,1,9/2/4.823,NN=NPEALPUJ22,1,LAG-191,NPEALPUJ21,1,LAG-191,NB=NPEALPUJ21,1,1/2/1.2900,IBSE01.PUJ,1,14/0/1.2900,BM=IBSE01.PUJ,1,5/0/0.0,HGW21.BAT,1,3/1/7.0
00|HSBA_MXSTV-IPTV-PUJ_V1036|U|OPTICAL|2|IN=PUJ_V1036,1,1/9/3.823,NPEALPUJ22,1,9/2/4.823,NN=NPEALPUJ22,1,LAG-191,NPEALPUJ21,1,LAG-191,NB=NPEALPUJ21,1,1/2/1.2900,IBSE01.PUJ,1,14/0/1.2900,BM=IBSE01.PUJ,1,6/0/0.0,HGW21.KLG,1,3/1/7.0
00|HSBA_MXSTV-IPTV-PUJ_V1037|U|OPTICAL|2|IN=PUJ_V1037,1,1/9/3.823,NPEALPUJ22,1,9/2/5.823,NN=NPEALPUJ22,1,LAG-191,NPEALPUJ21,1,LAG-191,NB=NPEALPUJ21,1,1/2/1.2900,IBSE01.PUJ,1,14/0/1.2900,BM=IBSE01.PUJ,1,5/0/0.0,HGW21.BAT,1,3/1/7.0
00|HSBA_MXSTV-IPTV-PUJ_V1037|U|OPTICAL|2|IN=PUJ_V1037,1,1/9/3.823,NPEALPUJ22,1,9/2/5.823,NN=NPEALPUJ22,1,LAG-191,NPEALPUJ21,1,LAG-191,NB=NPEALPUJ21,1,1/2/1.2900,IBSE01.PUJ,1,14/0/1.2900,BM=IBSE01.PUJ,1,6/0/0.0,HGW21.KLG,1,3/1/7.0
00|HSBA_MXSTV-IPTV-PUJ_V1038|U|OPTICAL|2|IN=PUJ_V1038,1,1/9/3.823,NPEALPUJ22,1,9/2/6.823,NN=NPEALPUJ22,1,LAG-191,NPEALPUJ21,1,LAG-191,NB=NPEALPUJ21,1,1/2/1.2900,IBSE01.PUJ,1,14/0/1.2900,BM=IBSE01.PUJ,1,5/0/0.0,HGW21.BAT,1,3/1/7.0
